theory	thm	conjunct	status	seconds	winningStrategy	proofClauses
AbelianGroupAxioms	ImpliesAbelianMcCuneAxioms	1	PROVED	0.03	portfolio	-
AbelianGroupAxioms	ImpliesMcCuneAxioms	1	PROVED	0.02	portfolio	-
AbelianGroupAxioms	InverseOfComposite	1	PROVED	0.02	portfolio	-
AbelianGroupAxioms	InverseOfInverse	1	PROVED	0.01	portfolio	-
AbelianMcCuneAxioms	Associativity	1	PROVED	0.11	portfolio	-
AbelianMcCuneAxioms	Commutativity	1	PROVED	0.02	portfolio	-
AbelianMcCuneAxioms	ImpliesMcCuneAxioms	1	PROVED	0.02	portfolio	-
AbelianMcCuneAxioms	InverseOfComposite	1	PROVED	0.02	portfolio	-
AbelianMcCuneAxioms	InverseOfInverse	1	PROVED	0.02	portfolio	-
AbelianTarskiAxioms	Associativity	1	PROVED	0.02	portfolio	-
AbelianTarskiAxioms	Commutativity	1	PROVED	0.02	portfolio	-
AbelianTarskiAxioms	ImpliesHigmanNeumannAxioms	1	PROVED	0.01	portfolio	-
BooleanAxioms	Absorption	1	PROVED	0.03	portfolio	-
BooleanAxioms	AbsorptionOrAnd	1	PROVED	0.03	portfolio	-
BooleanAxioms	AndAssociativity	1	PROVED	1.00	portfolio	-
BooleanAxioms	AndCommutativity	1	PROVED	0.01	portfolio	-
BooleanAxioms	AndDistributivity	1	PROVED	0.01	portfolio	-
BooleanAxioms	AndIdempotence	1	PROVED	0.01	portfolio	-
BooleanAxioms	AndPreAssociativity	1	PROVED	0.03	portfolio	-
BooleanAxioms	DeMorgan	1	PROVED	0.62	portfolio	-
BooleanAxioms	DeMorgan	2	PROVED	0.62	portfolio	-
BooleanAxioms	DoubleNegation	1	PROVED	0.04	portfolio	-
BooleanAxioms	DroppingAlwaysFalse	1	PROVED	0.01	portfolio	-
BooleanAxioms	DroppingAlwaysTrue	1	PROVED	0.01	portfolio	-
BooleanAxioms	ExcludedMiddle	1	PROVED	0.02	portfolio	-
BooleanAxioms	ImpliesHuntingtonAxioms	1	PROVED	0.01	portfolio	-
BooleanAxioms	ImpliesHuntingtonAxioms	2	PROVED	0.58	portfolio	-
BooleanAxioms	ImpliesHuntingtonAxioms	3	PROVED	0.62	portfolio	-
BooleanAxioms	ImpliesRobbinsAxioms	1	PROVED	0.01	portfolio	-
BooleanAxioms	ImpliesRobbinsAxioms	2	PROVED	1.01	portfolio	-
BooleanAxioms	ImpliesRobbinsAxioms	3	PROVED	0.65	portfolio	-
BooleanAxioms	NegationRedundancy	1	PROVED	0.02	portfolio	-
BooleanAxioms	Noncontradiction	1	PROVED	0.02	portfolio	-
BooleanAxioms	OrAssociativity	1	PROVED	1.07	portfolio	-
BooleanAxioms	OrCommutativity	1	PROVED	0.01	portfolio	-
BooleanAxioms	OrDistributivity	1	PROVED	0.01	portfolio	-
BooleanAxioms	OrIdempotence	1	PROVED	0.01	portfolio	-
BooleanAxioms	Transposition	1	PROVED	0.03	portfolio	-
CombinatorAxioms	BCKWToSKI	1	PROVED	0.01	portfolio	-
CombinatorAxioms	BCKWToSKI	2	PROVED	0.03	portfolio	-
CombinatorAxioms	BCKWToSKI	3	PROVED	0.01	portfolio	-
CombinatorAxioms	SKIToBCKW	1	PROVED	0.03	portfolio	-
CombinatorAxioms	SKIToBCKW	2	PROVED	0.03	portfolio	-
CombinatorAxioms	SKIToBCKW	3	PROVED	0.01	portfolio	-
CommutativeRingAxioms	ZeroIsAbsorbing	1	PROVED	0.03	portfolio	-
CommutativeRingWithIdentityAxioms	MinusOneYieldsInverse	1	PROVED	0.04	portfolio	-
CommutativeRingWithIdentityAxioms	ZeroIsAbsorbing	1	PROVED	0.02	portfolio	-
GroupAxioms	ImpliesMcCuneAxioms	1	PROVED	0.02	portfolio	-
GroupAxioms	InverseOfComposite	1	PROVED	0.02	portfolio	-
GroupAxioms	InverseOfInverse	1	PROVED	0.01	portfolio	-
GroupAxioms	LeftIdentity	1	PROVED	0.01	portfolio	-
GroupAxioms	LeftInverse	1	PROVED	0.01	portfolio	-
HigmanNeumannAxioms	Associativity	1	PROVED	0.14	portfolio	-
HigmanNeumannAxioms	EqualityOfIdentities	1	PROVED	0.02	portfolio	-
HigmanNeumannAxioms	LeftIdentity	1	PROVED	0.02	portfolio	-
HigmanNeumannAxioms	RightIdentity	1	PROVED	0.02	portfolio	-
HillmanAxioms	AndAssociativity	1	PROVED	0.23	portfolio	-
HillmanAxioms	Commutativity	1	PROVED	0.04	portfolio	-
HillmanAxioms	ImpliesMeredithAxioms	1	PROVED	0.09	portfolio	-
HillmanAxioms	ImpliesMeredithAxioms	2	PROVED	0.01	portfolio	-
HillmanAxioms	ImpliesShefferAxioms	1	PROVED	0.01	portfolio	-
HillmanAxioms	ImpliesShefferAxioms	2	PROVED	0.03	portfolio	-
HillmanAxioms	ImpliesShefferAxioms	3	PROVED	1.09	portfolio	-
HillmanAxioms	ImpliesWolframAlternateAxioms	1	PROVED	0.98	portfolio	-
HillmanAxioms	ImpliesWolframAxioms	1	PROVED	0.42	portfolio	-
HillmanAxioms	ImpliesWolframCommutativeAxioms	1	PROVED	0.41	portfolio	-
HillmanAxioms	ImpliesWolframCommutativeAxioms	2	PROVED	0.03	portfolio	-
HillmanAxioms	OrAssociativity	1	PROVED	0.02	portfolio	-
HuntingtonAxioms	DoubleNegation	1	PROVED	0.29	portfolio	-
HuntingtonAxioms	ImpliesRobbinsAxioms	1	PROVED	0.01	portfolio	-
HuntingtonAxioms	ImpliesRobbinsAxioms	2	PROVED	0.01	portfolio	-
HuntingtonAxioms	ImpliesRobbinsAxioms	3	PROVED	0.26	portfolio	-
McCuneAxioms	Associativity	1	PROVED	0.28	portfolio	-
McCuneAxioms	EqualityOfInverses	1	PROVED	0.28	portfolio	-
McCuneAxioms	InverseOfComposite	1	PROVED	0.28	portfolio	-
McCuneAxioms	InverseOfInverse	1	PROVED	0.28	portfolio	-
MeredithAxioms	AndAssociativity	1	PROVED	0.59	portfolio	-
MeredithAxioms	Commutativity	1	PROVED	0.01	portfolio	-
MeredithAxioms	ImpliesHillmanAxioms	1	PROVED	0.02	portfolio	-
MeredithAxioms	ImpliesHillmanAxioms	2	PROVED	0.29	portfolio	-
MeredithAxioms	ImpliesHillmanAxioms	3	PROVED	0.81	portfolio	-
MeredithAxioms	ImpliesShefferAxioms	1	PROVED	0.01	portfolio	-
MeredithAxioms	ImpliesShefferAxioms	2	PROVED	0.04	portfolio	-
MeredithAxioms	ImpliesShefferAxioms	3	PROVED	7.00	portfolio	-
MeredithAxioms	ImpliesWolframAlternateAxioms	1	PROVED	0.66	portfolio	-
MeredithAxioms	ImpliesWolframAxioms	1	PROVED	0.69	portfolio	-
MeredithAxioms	ImpliesWolframCommutativeAxioms	1	PROVED	0.71	portfolio	-
MeredithAxioms	ImpliesWolframCommutativeAxioms	2	PROVED	0.01	portfolio	-
MeredithAxioms	OrAssociativity	1	PROVED	0.46	portfolio	-
RingAxioms	ZeroIsAbsorbing	1	PROVED	0.03	portfolio	-
RingWithIdentityAxioms	ZeroIsAbsorbing	1	PROVED	0.02	portfolio	-
RobbinsAxioms	DoubleNegation	1	TimedOut	29.92	-	-
ShefferAxioms	AndAssociativity	1	PROVED	2.39	portfolio	-
ShefferAxioms	Commutativity	1	PROVED	0.01	portfolio	-
ShefferAxioms	ImpliesHillmanAxioms	1	PROVED	0.01	portfolio	-
ShefferAxioms	ImpliesHillmanAxioms	2	PROVED	0.05	portfolio	-
ShefferAxioms	ImpliesHillmanAxioms	3	PROVED	2.25	portfolio	-
ShefferAxioms	ImpliesMeredithAxioms	1	PROVED	4.25	portfolio	-
ShefferAxioms	ImpliesMeredithAxioms	2	PROVED	0.04	portfolio	-
ShefferAxioms	ImpliesWolframAlternateAxioms	1	PROVED	1.12	portfolio	-
ShefferAxioms	ImpliesWolframAxioms	1	PROVED	2.19	portfolio	-
ShefferAxioms	ImpliesWolframCommutativeAxioms	1	PROVED	1.31	portfolio	-
ShefferAxioms	ImpliesWolframCommutativeAxioms	2	PROVED	0.01	portfolio	-
ShefferAxioms	OrAssociativity	1	PROVED	2.46	portfolio	-
WolframAlternateAxioms	AndAssociativity	1	PROVED	7.62	portfolio	-
WolframAlternateAxioms	Commutativity	1	PROVED	0.09	portfolio	-
WolframAlternateAxioms	DoubleNegation	1	PROVED	0.02	portfolio	-
WolframAlternateAxioms	ImpliesHillmanAxioms	1	PROVED	0.02	portfolio	-
WolframAlternateAxioms	ImpliesHillmanAxioms	2	PROVED	0.28	portfolio	-
WolframAlternateAxioms	ImpliesHillmanAxioms	3	PROVED	1.07	portfolio	-
WolframAlternateAxioms	ImpliesMeredithAxioms	1	TimedOut	29.93	-	-
WolframAlternateAxioms	ImpliesMeredithAxioms	2	PROVED	0.06	portfolio	-
WolframAlternateAxioms	ImpliesShefferAxioms	1	PROVED	0.02	portfolio	-
WolframAlternateAxioms	ImpliesShefferAxioms	2	PROVED	0.69	portfolio	-
WolframAlternateAxioms	ImpliesShefferAxioms	3	PROVED	13.22	portfolio	-
WolframAlternateAxioms	ImpliesWolframAxioms	1	PROVED	0.10	portfolio	-
WolframAlternateAxioms	ImpliesWolframCommutativeAxioms	1	PROVED	0.24	portfolio	-
WolframAlternateAxioms	ImpliesWolframCommutativeAxioms	2	PROVED	0.09	portfolio	-
WolframAlternateAxioms	OrAssociativity	1	PROVED	7.81	portfolio	-
WolframAxioms	AndAssociativity	1	TimedOut	29.92	-	-
WolframAxioms	Commutativity	1	PROVED	3.25	portfolio	-
WolframAxioms	DoubleNegation	1	PROVED	1.49	portfolio	-
WolframAxioms	ImpliesHillmanAxioms	1	PROVED	3.20	portfolio	-
WolframAxioms	ImpliesHillmanAxioms	2	PROVED	3.26	portfolio	-
WolframAxioms	ImpliesHillmanAxioms	3	TimedOut	30.01	-	-
WolframAxioms	ImpliesMeredithAxioms	1	TimedOut	30.02	-	-
WolframAxioms	ImpliesMeredithAxioms	2	PROVED	3.25	portfolio	-
WolframAxioms	ImpliesShefferAxioms	1	PROVED	1.49	portfolio	-
WolframAxioms	ImpliesShefferAxioms	2	PROVED	3.39	portfolio	-
WolframAxioms	ImpliesShefferAxioms	3	TimedOut	30.02	-	-
WolframAxioms	ImpliesWolframAlternateAxioms	1	PROVED	3.25	portfolio	-
WolframAxioms	ImpliesWolframCommutativeAxioms	1	PROVED	3.15	portfolio	-
WolframAxioms	ImpliesWolframCommutativeAxioms	2	PROVED	3.26	portfolio	-
WolframAxioms	OrAssociativity	1	TimedOut	29.93	-	-
WolframCommutativeAxioms	AndAssociativity	1	PROVED	6.85	portfolio	-
WolframCommutativeAxioms	Commutativity	1	PROVED	0.01	portfolio	-
WolframCommutativeAxioms	DoubleNegation	1	PROVED	0.02	portfolio	-
WolframCommutativeAxioms	ImpliesHillmanAxioms	1	PROVED	0.01	portfolio	-
WolframCommutativeAxioms	ImpliesHillmanAxioms	2	PROVED	0.02	portfolio	-
WolframCommutativeAxioms	ImpliesHillmanAxioms	3	PROVED	1.04	portfolio	-
WolframCommutativeAxioms	ImpliesMeredithAxioms	1	PROVED	15.27	portfolio	-
WolframCommutativeAxioms	ImpliesMeredithAxioms	2	PROVED	0.01	portfolio	-
WolframCommutativeAxioms	ImpliesShefferAxioms	1	PROVED	0.01	portfolio	-
WolframCommutativeAxioms	ImpliesShefferAxioms	2	PROVED	0.97	portfolio	-
WolframCommutativeAxioms	ImpliesShefferAxioms	3	PROVED	10.96	portfolio	-
WolframCommutativeAxioms	ImpliesWolframAlternateAxioms	1	PROVED	0.02	portfolio	-
WolframCommutativeAxioms	ImpliesWolframAxioms	1	PROVED	0.01	portfolio	-
WolframCommutativeAxioms	OrAssociativity	1	PROVED	4.18	portfolio	-
